Russian_Sentence	English_Translation	Word	Answer	Explanation	Animate	Group	Answer_Declension	Number	Case
___ тяжёлая.	The work is hard	рабо́та	Рабо́та	This sentence requires a noun in the nominative singular. The word is a group 1 noun, which ends with -а	NO	1	NOMINATIVE_SINGULAR	NOMINATIVE	SINGULAR
Я иду́ на ___.	I go to work	рабо́та	рабо́ту	This sentence requires a noun in the accusative singular. The word is a group 1 noun, which ends with -у	NO	1	ACCUSATIVE_SINGULAR	ACCUSATIVE	SINGULAR
Описа́ние ___ дли́нное	The job description is long	рабо́та	рабо́ты	This sentence requires a noun in the genitive singular. The word is a group 1 noun, which ends with -ы	NO	1	GENITIVE_SINGULAR	GENITIVE	SINGULAR
Я уделя́ю внима́ние ___.	I pay attention to work.	рабо́та	рабо́те	This sentence requires a noun in the dative singular. The word is a group 1 noun, which ends with -е	NO	1	DATIVE_SINGULAR	DATIVE	SINGULAR
У меня́ на ___ есть стол.	I have a desk at work.	рабо́та	рабо́та	This sentence requires a noun in the prepositional singular. The word is a group 1 noun, which ends with -е	NO	1	PREPOSITIONAL_SINGULAR	PREPOSITIONAL	SINGULAR
Я дово́лен свое́й ___.	I am happy with my job.	рабо́та	рабо́той	This sentence requires a noun in the instrumental singular. The word is a group 1 noun, which ends with -ой	NO	1	INSTRUMENTAL_SINGULAR	INSTRUMENTAL	SINGULAR
У меня́ две ___.	I have two jobs	рабо́ты	рабо́ты	This sentence requires a noun in the nominative singular. The word is a group 1 noun, which ends with -а	NO	1	NOMINATIVE_PLURAL	NOMINATIVE	PLURAL
Я уво́лился с ___.	I quit my jobs	рабо́ты	рабо́ты	This sentence requires a noun in the accusative plural . The word is an inanimate group 1 noun, which ends with -ы	NO	1	ACCUSATIVE_PLURAL	ACCUSATIVE	PLURAL
Гра́фик мои́х ___ запу́танный.	The schedule of my jobs is confusing	рабо́ты	рабо́т	This sentence requires a noun in the genitive plural. The word is a group 1 noun, which lacks an ending	NO	1	GENITIVE_PLURAL	GENITIVE	PLURAL
Мы доба́вили эта́пы к но́вым ___.	We added steps to the new jobs.	рабо́ты	рабо́там	This sentence requires a noun in the dative plural. The word is a group 1 noun, which ends with -ам	NO	1	DATIVE_PLURAL	DATIVE	PLURAL
Я ду́маю о ___.	I think about the jobs.	рабо́ты	рабо́тах	This sentence requires a noun in the prepositional plural. The word is a group 1 noun, which ends with -ах	NO	1	PREPOSITIONAL_PLURAL	PREPOSITIONAL	PLURAL
Он изве́стен свои́ми ___.	He is known for his work.	рабо́ты	рабо́тами	This sentence requires a noun in the instrumental. The word is a group 1 noun, which ends with -ами	NO	1	INSTRUMENTAL_PLURAL	INSTRUMENTAL	PLURAL
___ там.	The book is over there.	кни́га	кни́га	This sentence requires a noun in the nominative singular. The word is a group 1 noun, which ends with -а	NO	1	NOMINATIVE_SINGULAR	NOMINATIVE	SINGULAR
Я чита́ю ___.	I am reading a book.	кни́га	кни́гу	This sentence requires a noun in the accusative singular. The word is a group 1 noun, which ends with -у	NO	1	ACCUSATIVE_SINGULAR	ACCUSATIVE	SINGULAR
Мне нра́вится сюже́т ___.	I love the book's plot	кни́га	кни́ги	This sentence requires a noun in the genitive singular. The word is a group 1 noun, which ends with -ы. The stem ends in a velar (г, к, or х), so the ending is -и rather than -ы	NO	1	GENITIVE_SINGULAR	GENITIVE	SINGULAR
Я отдаю́ немно́го любви́ ___.	I give some love to the book.	кни́га	кни́ге	This sentence requires a noun in the dative singular. The word is a group 1 noun, which ends with -е	NO	1	DATIVE_SINGULAR	DATIVE	SINGULAR
Её нос застря́л в ___.	Her nose is stuck in a book.	кни́га	кни́ге	This sentence requires a noun in the prepositional singular. The word is a group 1 noun, which ends with -е	NO	1	PREPOSITIONAL_SINGULAR	PREPOSITIONAL	SINGULAR
Она́ уби́ла му́ху ___.	She killed a fly with a book	кни́га	кни́гой	This sentence requires a noun in the instrumental singular. The word is a group 1 noun, which ends with -ой	NO	1	INSTRUMENTAL_SINGULAR	INSTRUMENTAL	SINGULAR
___ тяжёлые.	Books are heavy.	кни́ги	кни́ги	This sentence requires a noun in the nominative plural. The word is a group 1 noun, which ends with -ы. The stem ends in a velar (г, к, or х) so the ending is -и rather than -ы	NO	1	NOMINATIVE_PLURAL	NOMINATIVE	PLURAL
Он но́сит её ___.	He carries her books.	кни́ги	кни́ги	This sentence requires a noun in the accusative plural. The word is an inanimate group 1 noun, which ends with -ы. The stem ends in a velar (г, к, or х) so the ending is -и rather than -ы	NO	1	ACCUSATIVE_PLURAL	ACCUSATIVE	PLURAL
Я люблю́ а́втора э́тих ___.	I love the author of these books.	кни́ги	книг	This sentence requires a noun in the genitive plural. The word is a group 1 noun, which lacks an ending	NO	1	GENITIVE_PLURAL	GENITIVE	PLURAL
Я подхожу́ к ___.	I walk over to the books.	кни́ги	кни́гам	This sentence requires a noun in the dative plural. The word is a group 1 noun, which ends with -ам	NO	1	DATIVE_PLURAL	DATIVE	PLURAL
Он расска́зывает ей о ___.	He tells her about the books.	кни́ги	кни́гах	This sentence requires a noun in the prepositional plural. The word is a group 1 noun, which ends with -ах	NO	1	PREPOSITIONAL_PLURAL	PREPOSITIONAL	PLURAL
Он свора́чивается кала́чиком с ___	He curls up with some books	кни́ги	кни́гами	This sentence requires a noun in the instrumental plural. The word is a group 1 noun, which ends with -ами	NO	1	INSTRUMENTAL_PLURAL	INSTRUMENTAL	PLURAL
___ пуши́стая.	The dog is fluffy.	соба́ка	соба́ка	This sentence requires a noun in the nominative singular. The word is a group 1 noun, which ends with -а	YES	1	NOMINATIVE_SINGULAR	NOMINATIVE	SINGULAR
Они́ гла́дят ___.	They pet the dog.	соба́ка	соба́ку	This sentence requires a noun in the accusative singular. The word is a group 1 noun, which ends with -у	YES	1	ACCUSATIVE_SINGULAR	ACCUSATIVE	SINGULAR
Оше́йник у ___ кра́сный.	The dog's collar is red	соба́ка	соба́ки	This sentence requires a noun in the genitive singular. The word is a group 1 noun, which ends with -ы. The stem ends in a velar (г, к, or х), so the ending is -и rather than -ы	YES	1	GENITIVE_SINGULAR	GENITIVE	SINGULAR
Я броса́ю мяч ___.	I throw the ball to the dog.	соба́ка	соба́ке	This sentence requires a noun in the dative singular. The word is a group 1 noun, which ends with -е	YES	1	DATIVE_SINGULAR	DATIVE	SINGULAR
На ___ грязь.	There is mud on the dog.	соба́ка	соба́ке	This sentence requires a noun in the prepositional singular. The word is a group 1 noun, which ends with -е	YES	1	PREPOSITIONAL_SINGULAR	PREPOSITIONAL	SINGULAR
Мы идём бе́гать с ___.	We go running with the dog.	соба́ка	соба́кой	This sentence requires a noun in the instrumental singular. The word is a group 1 noun, which ends with -ой	YES	1	INSTRUMENTAL_SINGULAR	INSTRUMENTAL	SINGULAR
___ шумные.	The dogs are loud.	соба́ки	соба́ки	This sentence requires a noun in the nominative plural. The word is a group 1 noun, which ends with -ы. The stem ends in a velar (г, к, or х) so the ending is -и rather than -ы	YES	1	NOMINATIVE_PLURAL	NOMINATIVE	PLURAL
___ купа́ют.	They bathe the dogs.	соба́ки	соба́к	This sentence requires a noun in the accusative plural. The word is an animate group 1 noun, which lacks an ending	YES	1	ACCUSATIVE_PLURAL	ACCUSATIVE	PLURAL
Ла́пы у ___ у́стали.	The dogs' paws are tired.	соба́ки	соба́к	This sentence requires a noun in the genitive plural. The word is a group 1 noun, which lacks an ending	YES	1	GENITIVE_PLURAL	GENITIVE	PLURAL
Он даёт во́ду ___.	He gives water to the dogs.	соба́ки	соба́кам	This sentence requires a noun in the dative plural. The word is a group 1 noun, which ends with -ам	YES	1	DATIVE_PLURAL	DATIVE	PLURAL
На ___ кра́ска.	The paint is on the dogs.	соба́ки	соба́ках	This sentence requires a noun in the prepositional plural. The word is a group 1 noun, which ends with -ах	YES	1	PREPOSITIONAL_PLURAL	PREPOSITIONAL	PLURAL
Они́ го́нятся за ___.	They chase the dogs.	соба́ки	соба́ками	This sentence requires a noun in the instrumental plural. The word is a group 1 noun, which ends with -ами	YES	1	INSTRUMENTAL_PLURAL	INSTRUMENTAL	PLURAL
___ был дли́нный.	The movie is long	фильм	фильм	This sentence requires a noun in the nominative singular. The word is a group 2 noun, which lacks an ending	NO	2	NOMINATIVE_SINGULAR	NOMINATIVE	SINGULAR
Посмотри́ ___.	Watch a movie.	фильм	фильм	This sentence requires a noun in the accusative singular. The word is an inanimate group 2 noun, which lacks an ending	NO	2	ACCUSATIVE_SINGULAR	ACCUSATIVE	SINGULAR
Он явля́ется режиссёром ___.	He is the director of the movie.	фильм	фи́льма	This sentence requires a noun in the genitive singular. The word is a group 2 noun, which ends with -а	NO	2	GENITIVE_SINGULAR	GENITIVE	SINGULAR
Он доба́вил концо́вку к ___.	He added an ending to the movie.	фильм	фи́льму	This sentence requires a noun in the dative singular. The word is a group 2 noun, which ends with -у	NO	2	DATIVE_SINGULAR	DATIVE	SINGULAR
Он был в ___.	He was in a movie.	фильм	фи́льме	This sentence requires a noun in the prepositional singular. The word is a group 2 noun, which ends with -е	NO	2	PREPOSITIONAL_SINGULAR	PREPOSITIONAL	SINGULAR
Они́ пришли́ с ___.	They showed up with a movie.	фильм	фи́льмом	This sentence requires a noun in the instrumental singular. The word is a group 2 noun, which ends with -ом	NO	2	INSTRUMENTAL_SINGULAR	INSTRUMENTAL	SINGULAR
___ — э́то ве́село.	Movies are fun.	фи́льмы	фи́льмы	This sentence requires a noun in the nominative plural. The word is a group 2 noun, which ends with -ы	NO	2	NOMINATIVE_PLURAL	NOMINATIVE	PLURAL
Мы монти́руем ___.	We edit movies.	фи́льмы	фи́льмы	This sentence requires a noun in the accusative plural. The word is an inanimate group 2 noun, which ends with -ы	NO	2	ACCUSATIVE_PLURAL	ACCUSATIVE	PLURAL
Я смотрю́ то́лько нача́ло ___.	I only watch the start of movies.	фи́льмы	фи́льмов	This sentence requires a noun in the genitive plural. The word is a group 2 noun, which ends with -ов	NO	2	GENITIVE_PLURAL	GENITIVE	PLURAL
Он дал ___ отрица́тельную реце́нзию.	He gave the movies a bad review.	фи́льмы	фи́льмам	This sentence requires a noun in the dative plural. The word is a group 2 noun, which ends with -ам	NO	2	DATIVE_PLURAL	DATIVE	PLURAL
Пе́сня звучи́т в ___.	The song is in the movies.	фи́льмы	фи́льмах	This sentence requires a noun in the prepositional plural. The word is a group 2 noun, which ends with -ах	NO	2	PREPOSITIONAL_PLURAL	PREPOSITIONAL	PLURAL
Он посла́л сообще́ние с ___.	He sent a message with the movies.	фи́льмы	фи́льмами	This sentence requires a noun in the instrumental plural. The word is a group 2 noun, which ends with -ами	NO	2	INSTRUMENTAL_PLURAL	INSTRUMENTAL	PLURAL
___ — худо́жник.	Father is an artist.	оте́ц	оте́ц	This sentence requires a noun in the nominative singular. The word is a group 2 noun, which lacks an ending	YES	2	NOMINATIVE_SINGULAR	NOMINATIVE	SINGULAR
Я люблю́ ___.	I love father.	оте́ц	отца́	This sentence requires a noun in the accusative singular. The word is an animate group 2 noun, which ends with -а	YES	2	ACCUSATIVE_SINGULAR	ACCUSATIVE	SINGULAR
Э́то люби́мая маши́на ___.	That is father's favorite car.	оте́ц	отца́	This sentence requires a noun in the genitive singular. The word is a group 2 noun, which ends with -а	YES	2	GENITIVE_SINGULAR	GENITIVE	SINGULAR
Она́ показа́ла ___ письмо́.	She showed father the letter	оте́ц	отцу́	This sentence requires a noun in the dative singular. The word is a group 2 noun, which ends with -у	YES	2	DATIVE_SINGULAR	DATIVE	SINGULAR
Кот на ___.	The cat is on father.	оте́ц	отце́	This sentence requires a noun in the prepositional singular. The word is a group 2 noun, which ends with -е	YES	2	PREPOSITIONAL_SINGULAR	PREPOSITIONAL	SINGULAR
Он пошёл на рыба́лку с ___.	He went fishing with father.	оте́ц	отцо́м	This sentence requires a noun in the instrumental singular. The word is a group 2 noun, which ends with -ом	YES	2	INSTRUMENTAL_SINGULAR	INSTRUMENTAL	SINGULAR
___ бы́ли обеспоко́ены.	The fathers were concerned.	отцы́	отцы́	This sentence requires a noun in the nominative plural. The word is a group 2 noun, which ends with -ы	YES	2	NOMINATIVE_PLURAL	NOMINATIVE	PLURAL
Они́ копи́руют ___.	They copied the fathers.	отцы́	отцо́в	This sentence requires a noun in the accusative plural. The word is an animate group 2 noun, which ends with -ов	YES	2	ACCUSATIVE_PLURAL	ACCUSATIVE	PLURAL
Де́ти спря́тались от ___.	The children hid from their fathers.	отцы́	отцо́в	This sentence requires a noun in the genitive plural. The word is a group 2 noun, which ends with -ов	YES	2	GENITIVE_PLURAL	GENITIVE	PLURAL
Она́ дала́ ___ зада́ние.	She gave the fathers a task.	отцы́	отца́м	This sentence requires a noun in the dative plural. The word is a group 2 noun, which ends with -ам	YES	2	DATIVE_PLURAL	DATIVE	PLURAL
Оши́бка в ___.	The mistake is in the fathers.	отцы́	отца́х	This sentence requires a noun in the prepositional plural. The word is a group 2 noun, which ends with -ах	YES	2	PREPOSITIONAL_PLURAL	PREPOSITIONAL	PLURAL
Ма́тери иду́т с ___.	The mothers walk with the fathers.	отцы́	отца́ми	This sentence requires a noun in the instrumental plural. The word is a group 2 noun, which ends with -ами	YES	2	INSTRUMENTAL_PLURAL	INSTRUMENTAL	PLURAL
У тебя́ есть ___?	Do you have a boyfriend?	па́рень	па́рень	This sentence requires a noun in the nominative singular. The word is a group 2 noun, which lacks an ending	YES	2	NOMINATIVE_SINGULAR	NOMINATIVE	SINGULAR
Уда́рь ___.	Hit the guy.	па́рень	па́рня	This sentence requires a noun in the accusative singular. The word is an animate group 2 noun, which ends with -а. The stem ends with a soft sign, so the -а becomes a -я	YES	2	ACCUSATIVE_SINGULAR	ACCUSATIVE	SINGULAR
Не сме́йтесь над и́менем ___.	Don't make fun of a guy's name.	па́рень	па́рня	This sentence requires a noun in the genitive singular. The word is a group 2 noun, which ends with -а. The stem ends with a soft sign, so the -а becomes a -я	YES	2	GENITIVE_SINGULAR	GENITIVE	SINGULAR
Расскажи́ ___.	Tell the guy.	па́рень	па́рню	This sentence requires a noun in the dative singular. The word is a group 2 noun, which ends with -у. The stem ends with a soft sign, so the -у becomes a -ю	YES	2	DATIVE_SINGULAR	DATIVE	SINGULAR
Знак был на том ___.	The sign was on that guy.	па́рень	па́рне	This sentence requires a noun in the prepositional singular. The word is a group 2 noun, which ends with -е	YES	2	PREPOSITIONAL_SINGULAR	PREPOSITIONAL	SINGULAR
Иди́ с э́тим ___.	Go with that guy.	па́рень	па́рнем	This sentence requires a noun in the instrumental singular. The word is a group 2 noun, which ends with -ом. The stem ends with a soft sign, so the -ом becomes a -ем	YES	2	INSTRUMENTAL_SINGULAR	INSTRUMENTAL	SINGULAR
___ остаю́тся парня́ми.	Guys being guys.	па́рни	па́рни	This sentence requires a noun in the nominative plural. The word is a group 2 noun, which ends with -ы. The stem ends with a soft sign, so the -ы becomes a -и	YES	2	NOMINATIVE_PLURAL	NOMINATIVE	PLURAL
Они́ обману́ли ___.	They tricked the guys.	па́рни	парне́й	This sentence requires a noun in the accusative plural. The word is an animate group 2 noun, which ends with -ей	YES	2	ACCUSATIVE_PLURAL	ACCUSATIVE	PLURAL
Чу́вства ___ бы́ли заде́ты.	The guys' feelings were hurt.	па́рни	парне́й	This sentence requires a noun in the genitive plural. The word is a group 2 noun, which ends with -ей	YES	2	GENITIVE_PLURAL	GENITIVE	PLURAL
Они́ рассказа́ли об э́том свои́м ___.	They told their boyfriends.	па́рни	парня́м	This sentence requires a noun in the dative plural. The word is a group 2 noun, which ends with -ам. The stem ends with a soft sign, so the -а becomes a -я	YES	2	DATIVE_PLURAL	DATIVE	PLURAL
Не ду́май об э́тих ___.	Don't think about those guys.	па́рни	парня́х	This sentence requires a noun in the prepositional plural. The word is a group 2 noun, which ends with -ах. The stem ends with a soft sign, so the -а becomes a -я	YES	2	PREPOSITIONAL_PLURAL	PREPOSITIONAL	PLURAL
Па́рни остаю́тся ___.	Guys being guys.	па́рни	парня́ми	This sentence requires a noun in the instrumental plural. The word is a group 2 noun, which ends with -ами. The stem ends with a soft sign, so the -а becomes a -я	YES	2	INSTRUMENTAL_PLURAL	INSTRUMENTAL	PLURAL
___ я́ркий	The fire is bright.	ого́нь	ого́нь	This sentence requires a noun in the nominative singular. The word is a group 2 noun, which lacks an ending	NO	2	NOMINATIVE_SINGULAR	NOMINATIVE	SINGULAR
Разожги́те ___.	Light the fire.	ого́нь	ого́нь	This sentence requires a noun in the accusative singular. The word is an inanimate group 2 noun, which lacks an ending	NO	2	ACCUSATIVE_SINGULAR	ACCUSATIVE	SINGULAR
Они́ стоя́т в тепле́ ___.	They stand in the warmth of the fire.	ого́нь	огня́	This sentence requires a noun in the genitive singular. The word is a group 2 noun, which ends with -а. The stem ends with a soft sign, so the -а becomes a -я	NO	2	GENITIVE_SINGULAR	GENITIVE	SINGULAR
Он де́ржится побли́же к ___.	He stays close to the fire.	ого́нь	огню́	This sentence requires a noun in the dative singular. The word is a group 2 noun, which ends with -у. The stem ends with a soft sign, so the -у becomes a -ю	NO	2	DATIVE_SINGULAR	DATIVE	SINGULAR
Она́ танцева́ла в ___.	She dances in the fire.	ого́нь	огне́	This sentence requires a noun in the prepositional singular. The word is a group 2 noun, which ends with -е	NO	2	PREPOSITIONAL_SINGULAR	PREPOSITIONAL	SINGULAR
Вы игра́ете с ___.	You are playing with fire.	ого́нь	огнём	This sentence requires a noun in the instrumental singular. The word is a group 2 noun, which ends with -ом. The stem ends with a soft sign, so the -ом becomes a -ём	NO	2	INSTRUMENTAL_SINGULAR	INSTRUMENTAL	SINGULAR
___ зажжены́.	The fires are lit.	огни́	огни́	This sentence requires a noun in the nominative plural. The word is a group 2 noun, which ends with -ы. The stem ends with a soft sign, so the -ы becomes a -и	NO	2	NOMINATIVE_PLURAL	NOMINATIVE	PLURAL
Я ви́жу ___.	I see the lights.	огни́	огни́	This sentence requires a noun in the accusative plural. The word is an inanimate group 2 noun, which ends with -ы. The stem ends with a soft sign, so the -ы becomes a -и	NO	2	ACCUSATIVE_PLURAL	ACCUSATIVE	PLURAL
Вы́йди на свет ___.	Come into the light of the fires.	огни́	огне́й	This sentence requires a noun in the genitive plural. The word is a group 2 noun, which ends with -ей	NO	2	GENITIVE_PLURAL	GENITIVE	PLURAL
Мы помогли́ ___ не распространи́ться.	We helped the fires not to spread.	огни́	огня́м	This sentence requires a noun in the dative plural. The word is a group 2 noun, which ends with -ам. The stem ends with a soft sign, so the -а becomes a -я	NO	2	DATIVE_PLURAL	DATIVE	PLURAL
Она́ предупреди́ла нас о ___.	She warned us about fires.	огни́	огня́х	This sentence requires a noun in the prepositional plural. The word is a group 2 noun, which ends with -ах. The stem ends with a soft sign, so the -а becomes a -я	NO	2	PREPOSITIONAL_PLURAL	PREPOSITIONAL	PLURAL
Ночь была́ освещена́ ___.	The night was lit up by the fires.	огни́	огня́ми	This sentence requires a noun in the instrumental plural. The word is a group 2 noun, which ends with -ами. The stem ends with a soft sign, so the -а becomes a -я	NO	2	INSTRUMENTAL_PLURAL	INSTRUMENTAL	PLURAL
___ бы́страя.	The horse is fast.	ло́шадь	ло́шадь	This sentence requires a noun in the nominative singular. The word is a group 3 noun, which ends with -ь	YES	3	NOMINATIVE_SINGULAR	NOMINATIVE	SINGULAR
Она́ ко́рмит ___.	She feeds the horse.	ло́шадь	ло́шадь	This sentence requires a noun in the accusative singular. The word is a group 3 noun, which ends with -ь	YES	3	ACCUSATIVE_SINGULAR	ACCUSATIVE	SINGULAR
Я чи́щу копы́та ___.	I clean the horse's hooves.	ло́шадь	ло́шади	This sentence requires a noun in the genitive singular. The word is a group 3 noun, which ends with -и	YES	3	GENITIVE_SINGULAR	GENITIVE	SINGULAR
Она́ расска́зывает свое́й ___ все свои́ секре́ты.	She tells her horse all her secrets. 	ло́шадь	ло́шади	This sentence requires a noun in the dative singular. The word is a group 3 noun, which ends with -и	YES	3	DATIVE_SINGULAR	DATIVE	SINGULAR
Она́ сиди́т на ___.	She sits on the horse.	ло́шадь	ло́шади	This sentence requires a noun in the prepositional singular. The word is a group 3 noun, which ends with -и	YES	3	PREPOSITIONAL_SINGULAR	PREPOSITIONAL	SINGULAR
Он стои́т ря́дом с ___.	He stands with the horse.	ло́шадь	ло́шадью	This sentence requires a noun in the instrumental singular. The word is a group 3 noun, which ends with -ью	YES	3	INSTRUMENTAL_SINGULAR	INSTRUMENTAL	SINGULAR
___ бо́льшие.	Horses are big.	ло́шади	ло́шади	This sentence requires a noun in the nominative plural. The word is a group 3 noun, which ends with -и	YES	3	NOMINATIVE_PLURAL	NOMINATIVE	PLURAL
Найди́те ___.	Find the horses.	ло́шади	лошаде́й	This sentence requires a noun in the accusative plural. The word is an animate group 3 noun, which ends with -ей	YES	3	ACCUSATIVE_PLURAL	ACCUSATIVE	PLURAL
Хвосты́ у ___ дли́нные.	The horses' tails are long.	ло́шади	лошаде́й	This sentence requires a noun in the genitive plural. The word is a group 3 noun, which ends with -ей	YES	3	GENITIVE_PLURAL	GENITIVE	PLURAL
Мы даём ___ се́но.	We give the horses hay.	ло́шади	лошадя́м	This sentence requires a noun in the dative plural. The word is a group 3 noun, which ends with -ям	YES	3	DATIVE_PLURAL	DATIVE	PLURAL
Он е́здит на ___.	He rides horses.	ло́шади	лошадя́х	This sentence requires a noun in the prepositional plural. The word is a group 3 noun, which ends with -ях	YES	3	PREPOSITIONAL_PLURAL	PREPOSITIONAL	PLURAL
Они́ путеше́ствовали с ___.	They travel with horses.	ло́шади	лошадя́ми	This sentence requires a noun in the instrumental plural. The word is a group 3 noun, which ends with -ями	YES	3	INSTRUMENTAL_PLURAL	INSTRUMENTAL	PLURAL
___ тёмная.	The shadow is dark.	тень	тень	This sentence requires a noun in the nominative singular. The word is a group 3 noun, which ends with -ь	NO	3	NOMINATIVE_SINGULAR	NOMINATIVE	SINGULAR
Она́ замеча́ет ___.	She notices the shadow.	тень	тень	This sentence requires a noun in the accusative singular. The word is a group 3 noun, which ends with -ь	NO	3	ACCUSATIVE_SINGULAR	ACCUSATIVE	SINGULAR
Ко́нчик ___ каса́ется две́ри.	The tip of the shadow touches the door.	тень	те́ни	This sentence requires a noun in the genitive singular. The word is a group 3 noun, which ends with -и	NO	3	GENITIVE_SINGULAR	GENITIVE	SINGULAR
Я рассказа́л то́лько свое́й ___.	I only told my shadow.	тень	те́ни	This sentence requires a noun in the dative singular. The word is a group 3 noun, which ends with -и	NO	3	DATIVE_SINGULAR	DATIVE	SINGULAR
Что э́то в его́ ___?	What's that in his shadow?	тень	те́ни	This sentence requires a noun in the prepositional singular. The word is a group 3 noun, which ends with -и	NO	3	PREPOSITIONAL_SINGULAR	PREPOSITIONAL	SINGULAR
Я предпочита́ю места́ с ___.	I prefer areas with shade.	тень	те́нью	This sentence requires a noun in the instrumental singular. The word is a group 3 noun, which ends with -ью	NO	3	INSTRUMENTAL_SINGULAR	INSTRUMENTAL	SINGULAR
___ жу́ткие.	The shadows are creepy.	те́ни	те́ни	This sentence requires a noun in the nominative plural. The word is a group 3 noun, which ends with -и	NO	3	NOMINATIVE_PLURAL	NOMINATIVE	PLURAL
Мы просле́живаем ___.	We trace the shadows.	те́ни	те́ни	This sentence requires a noun in the accusative plural. The word is an inanimate group 3 noun, which ends with -и	NO	3	ACCUSATIVE_PLURAL	ACCUSATIVE	PLURAL
Фо́рма ___ непра́вильная.	The shape of the shadows is wrong.	те́ни	тене́й	This sentence requires a noun in the genitive plural. The word is a group 3 noun, which ends with -ей	NO	3	GENITIVE_PLURAL	GENITIVE	PLURAL
Я отдаю́ своё се́рдце ___.	I give my heart to the shadows.	те́ни	теня́м	This sentence requires a noun in the dative plural. The word is a group 3 noun, which ends with -ям	NO	3	DATIVE_PLURAL	DATIVE	PLURAL
Он пря́чется в ___.	He hides in the shadows.	те́ни	теня́х	This sentence requires a noun in the prepositional plural. The word is a group 3 noun, which ends with -ях	NO	3	PREPOSITIONAL_PLURAL	PREPOSITIONAL	PLURAL
Я игра́ю с ___.	I play with the shadows.	те́ни	теня́ми	This sentence requires a noun in the instrumental plural. The word is a group 3 noun, which ends with -ями	NO	3	INSTRUMENTAL_PLURAL	INSTRUMENTAL	PLURAL
У меня́ есть ___.	I have a broom.	метла́	метла́	This sentence requires a noun in the nominative singular. The word is a group 1 noun, which ends with -а	NO	1	NOMINATIVE_SINGULAR	NOMINATIVE	SINGULAR
Она́ нашла́ ___.	She found the broom.	метла́	метлу́	This sentence requires a noun in the accusative singular. The word is a group 1 noun, which ends with -у	NO	1	ACCUSATIVE_SINGULAR	ACCUSATIVE	SINGULAR
Какова́ длина́ ___?	What is the length of the broom?	метла́	метлы́	This sentence requires a noun in the genitive singular. The word is a group 1 noun, which ends with -ы	NO	1	GENITIVE_SINGULAR	GENITIVE	SINGULAR
Они́ приказа́ли ___ подмести́	They told the broom to sweep.	метла́	метле́	This sentence requires a noun in the dative singular. The word is a group 1 noun, which ends with -е	NO	1	DATIVE_SINGULAR	DATIVE	SINGULAR
Шля́па на ___.	The hat is on the broom.	метла́	метле́	This sentence requires a noun in the prepositional singular. The word is a group 1 noun, which ends with -е	NO	1	PREPOSITIONAL_SINGULAR	PREPOSITIONAL	SINGULAR
Это рядом с ___.	It is near the broom.	метла́	метло́й	This sentence requires a noun in the instrumental singular. The word is a group 1 noun, which ends with -ой	NO	1	INSTRUMENTAL_SINGULAR	INSTRUMENTAL	SINGULAR
___ в шкафу́.	The brooms are in the closet.	мётлы	мётлы	This sentence requires a noun in the nominative singular. The word is a group 1 noun, which ends with -ы	NO	1	NOMINATIVE_PLURAL	NOMINATIVE	PLURAL
Они́ слома́ли ___.	They broke the brooms.	мётлы	мётлы	This sentence requires a noun in the accusative plural . The word is an inanimate group 1 noun, which ends with -ы	NO	1	ACCUSATIVE_PLURAL	ACCUSATIVE	PLURAL
Он чи́нит ру́чки для ___.	He fixes broom handles.	мётлы	мётел	This sentence requires a noun in the genitive plural. The word is a group 1 noun, which lacks an ending	NO	1	GENITIVE_PLURAL	GENITIVE	PLURAL
Поднима́йтесь к ___	Step up to the brooms.	мётлы	мётлам	This sentence requires a noun in the dative plural. The word is a group 1 noun, which ends with -ам	NO	1	DATIVE_PLURAL	DATIVE	PLURAL
Ве́дьмы лета́ют на ___.	Witches ride on brooms.	мётлы	мётлах	This sentence requires a noun in the prepositional plural. The word is a group 1 noun, which ends with -ах	NO	1	PREPOSITIONAL_PLURAL	PREPOSITIONAL	PLURAL
Они́ за ___.	They are behind the brooms.	мётлы	мётлами	This sentence requires a noun in the instrumental. The word is a group 1 noun, which ends with -ами	NO	1	INSTRUMENTAL_PLURAL	INSTRUMENTAL	PLURAL
___ небольша́я.	The family is small.	семья́	семья́	This sentence requires a noun in the nominative singular. The word is a group 1 noun, which ends with -а. The stem ends with a soft sign, so the -а becomes a -я	NO	1	NOMINATIVE_SINGULAR	NOMINATIVE	SINGULAR
Мы лю́бим его́ ___.	We love his family.	семья́	семью́	This sentence requires a noun in the accusative singular. The word is a group 1 noun, which ends with -у. The stem ends with a soft sign, so the -у becomes a -ю	NO	1	ACCUSATIVE_SINGULAR	ACCUSATIVE	SINGULAR
Она́ — ста́рший член ___.	She is the oldest family member.	семья́	семьи́	This sentence requires a noun in the genitive singular. The word is a group 1 noun, which ends with -ы. The stem ends with a soft sign, so the -ы becomes a -и	NO	1	GENITIVE_SINGULAR	GENITIVE	SINGULAR
Она́ посыла́ет запи́ску ___ по сосе́дству.	She sends a note to the family next door.	семья́	семье́	This sentence requires a noun in the dative singular. The word is a group 1 noun, which ends with -е	NO	1	DATIVE_SINGULAR	DATIVE	SINGULAR
Пода́рок остаётся в ___.	The gift stays in the family.	семья́	семье́	This sentence requires a noun in the prepositional singular. The word is a group 1 noun, which ends with -е	NO	1	PREPOSITIONAL_SINGULAR	PREPOSITIONAL	SINGULAR
Я решил остаться с ___.	I decided to stay with family.	семья́	семьёй	This sentence requires a noun in the instrumental singular. The word is a group 1 noun, which ends with -ой. The stem ends with a soft sign, so the -ой becomes a -ёй	NO	1	INSTRUMENTAL_SINGULAR	INSTRUMENTAL	SINGULAR
___ живу́т здесь.	The families live here.	се́мьи	се́мьи	This sentence requires a noun in the nominative singular. The word is a group 1 noun, which ends with -ы. The stem ends with a soft sign, so the -ы becomes a -и	NO	1	NOMINATIVE_PLURAL	NOMINATIVE	PLURAL
Он зна́ет ___, живу́щие на э́той у́лице.	He knows the families on this street.	се́мьи	се́мьи	This sentence requires a noun in the accusative plural . The word is an inanimate group 1 noun, which ends with -ы. The stem ends with a soft sign, so the -ы becomes a -и	NO	1	ACCUSATIVE_PLURAL	ACCUSATIVE	PLURAL
Мы изуча́ем исто́рию ___.	We research the history of the families.	се́мьи	семе́й	This sentence requires a noun in the genitive plural. The word is irregular in this case and ends with -ей	NO	1	GENITIVE_PLURAL	GENITIVE	PLURAL
Она́ звони́т ___ студе́нтов.	She calls the families of the students.	се́мьи	се́мьям	This sentence requires a noun in the dative plural. The word is a group 1 noun, which ends with -ам. The stem ends with a soft sign, so the -а becomes a -я	NO	1	DATIVE_PLURAL	DATIVE	PLURAL
Они́ вы́росли в хоро́ших ___.	They grew up in good families.	се́мьи	се́мьях	This sentence requires a noun in the prepositional plural. The word is a group 1 noun, which ends with -ах. The stem ends with a soft sign, so the -а becomes a -я	NO	1	PREPOSITIONAL_PLURAL	PREPOSITIONAL	PLURAL
Мы наблюда́ем за ___.	We watch the families.	се́мьи	се́мьями	This sentence requires a noun in the instrumental. The word is a group 1 noun, which ends with -ами. The stem ends with a soft sign, so the -а becomes a -я	NO	1	INSTRUMENTAL_PLURAL	INSTRUMENTAL	PLURAL
___ усе́рдно тру́дится.	The student works hard.	студе́нт	студе́нт	This sentence requires a noun in the nominative singular. The word is a group 2 noun, which lacks an ending	YES	2	NOMINATIVE_SINGULAR	NOMINATIVE	SINGULAR
Я учу́ ___.	I teach the student.	студе́нт	студе́нта	This sentence requires a noun in the accusative singular. The word is an animate group 2 noun, which ends with -а	YES	2	ACCUSATIVE_SINGULAR	ACCUSATIVE	SINGULAR
Он хва́лит рюкза́к ___.	He compliments the student's backpack.	студе́нт	студе́нта	This sentence requires a noun in the genitive singular. The word is a group 2 noun, which ends with -а	YES	2	GENITIVE_SINGULAR	GENITIVE	SINGULAR
Она́ преподаёт уро́к ___.	She teaches the student a lesson.	студе́нт	студе́нту	This sentence requires a noun in the dative singular. The word is a group 2 noun, which ends with -у	YES	2	DATIVE_SINGULAR	DATIVE	SINGULAR
Они́ написа́ли исто́рию о ___.	They wrote a story about a student.	студе́нт	студе́нте	This sentence requires a noun in the prepositional singular. The word is a group 2 noun, which ends with -е	YES	2	PREPOSITIONAL_SINGULAR	PREPOSITIONAL	SINGULAR
Мы бу́дем рабо́тать со ___.	We will work with the student.	студе́нт	студе́нтом	This sentence requires a noun in the instrumental singular. The word is a group 2 noun, which ends with -ом	YES	2	INSTRUMENTAL_SINGULAR	INSTRUMENTAL	SINGULAR
___ терпели́вы.	The students are patient.	студе́нты	студе́нты	This sentence requires a noun in the nominative plural. The word is a group 2 noun, which ends with -ы	YES	2	NOMINATIVE_PLURAL	NOMINATIVE	PLURAL
Они́ обуча́ют ___.	They teach students.	студе́нты	студе́нтов	This sentence requires a noun in the accusative plural. The word is an animate group 2 noun, which ends with -ов	YES	2	ACCUSATIVE_PLURAL	ACCUSATIVE	PLURAL
По́черк у ___ о́чень неря́шливый.	The students' handwriting is messy.	студе́нты	студе́нтов	This sentence requires a noun in the genitive plural. The word is a group 2 noun, which ends with -ов	YES	2	GENITIVE_PLURAL	GENITIVE	PLURAL
Профе́ссор пока́зывает ___, как реши́ть э́ту зада́чу.	The professor shows the students how to solve the problem.	студе́нты	студе́нтам	This sentence requires a noun in the dative plural. The word is a group 2 noun, which ends with -ам	YES	2	DATIVE_PLURAL	DATIVE	PLURAL
Э́то давле́ние ска́зывается на ___.	The pressure takes a toll on the students.	студе́нты	студе́нтах	This sentence requires a noun in the prepositional plural. The word is a group 2 noun, which ends with -ах	YES	2	PREPOSITIONAL_PLURAL	PREPOSITIONAL	PLURAL
Они́ не церемо́нятся со ___.	They go easy on the students.	студе́нты	студе́нтами	This sentence requires a noun in the instrumental plural. The word is a group 2 noun, which ends with -ами	YES	2	INSTRUMENTAL_PLURAL	INSTRUMENTAL	PLURAL
___ дли́нное.	The title is long.	назва́ние	назва́ние	This sentence requires a noun in the nominative singular. The word is a group 2 noun, which ends with -е	NO	2	NOMINATIVE_SINGULAR	NOMINATIVE	SINGULAR
Назови́те мне ___.	Tell me the title.	назва́ние	назва́ние	This sentence requires a noun in the accusative singular. The word is an inanimate group 2 noun, which ends with -е	NO	2	ACCUSATIVE_SINGULAR	ACCUSATIVE	SINGULAR
Значе́ние ___ нам неизве́стно.	We don't know the meaning of the title.	назва́ние	назва́ния	This sentence requires a noun in the genitive singular. The word is a group 2 noun, which ends with -а. The stem ends with a soft sign, so the -а becomes a -я	NO	2	GENITIVE_SINGULAR	GENITIVE	SINGULAR
Он добавля́ет сло́во к ___.	He adds a word to the title.	назва́ние	назва́нию	This sentence requires a noun in the dative singular. The word is a group 2 noun, which ends with -у. The stem ends with a soft sign, so the -у becomes a -ю	NO	2	DATIVE_SINGULAR	DATIVE	SINGULAR
Како́е пе́рвое сло́во в ___?	What is the first word of the title?	назва́ние	назва́нии	This sentence requires a noun in the prepositional singular. The word is a group 2 noun, which ends with -е. Because the stem ends with an и, the -е reduces to a -и	NO	2	PREPOSITIONAL_SINGULAR	PREPOSITIONAL	SINGULAR
Найди́те кни́гу с таки́м ___.	Find a book with this title.	назва́ние	назва́нием	This sentence requires a noun in the instrumental singular. The word is a group 2 noun, which ends with -ом. The stem ends with a soft sign, so the -ом becomes a -eм	NO	2	INSTRUMENTAL_SINGULAR	INSTRUMENTAL	SINGULAR
___ совпада́ют.	The titles match.	назва́ния	назва́ния	This sentence requires a noun in the nominative plural. The word is a group 2 noun, which ends with -а. The stem ends with a soft sign, so the -а becomes a -я	NO	2	NOMINATIVE_PLURAL	NOMINATIVE	PLURAL
Напиши́те ___.	Write the titles.	назва́ния	назва́ния	This sentence requires a noun in the accusative plural. The word is an inanimate group 2 noun, which ends with -а. The stem ends with a soft sign, so the -а becomes a -я	NO	2	ACCUSATIVE_PLURAL	ACCUSATIVE	PLURAL
Он выреза́ет гла́сные из ___.	He cuts the vowels from the titles.	назва́ния	назва́ний	This sentence requires a noun in the genitive plural. The word is a group 2 noun, which ends with -й	NO	2	GENITIVE_PLURAL	GENITIVE	PLURAL
Кни́ги отсортиро́ваны по ___.	The books are sorted by title.	назва́ния	назва́ниям	This sentence requires a noun in the dative plural. The word is a group 2 noun, which ends with -ам. The stem ends with a soft sign, so the -а becomes a -я	NO	2	DATIVE_PLURAL	DATIVE	PLURAL
Я сосредото́чусь на ___.	I focus on the titles.	назва́ния	назва́ниях	This sentence requires a noun in the prepositional plural. The word is a group 2 noun, which ends with -ах. The stem ends with a soft sign, so the -а becomes a -я	NO	2	PREPOSITIONAL_PLURAL	PREPOSITIONAL	PLURAL
Имена́ а́второв ука́заны под ___.	The authors' names are printed below the titles.	назва́ния	назва́ниями	This sentence requires a noun in the instrumental plural. The word is a group 2 noun, which ends with -ами. The stem ends with a soft sign, so the -а becomes a -я	NO	2	INSTRUMENTAL_PLURAL	INSTRUMENTAL	PLURAL
Мне ну́жен ___.	I need advice.	сове́т	сове́т	This sentence requires a noun in the nominative singular. The word is a group 2 noun, which lacks an ending	NO	2	NOMINATIVE_SINGULAR	NOMINATIVE	SINGULAR
Прими́те мой ___.	Take my advice.	сове́т	сове́т	This sentence requires a noun in the accusative singular. The word is an inanimate group 2 noun, which lacks an ending	NO	2	ACCUSATIVE_SINGULAR	ACCUSATIVE	SINGULAR
Она́ ничего́ не получи́ла от э́того ___.	She didn't get anything from this advice.	сове́т	сове́та	This sentence requires a noun in the genitive singular. The word is a group 2 noun, which ends with -а	NO	2	GENITIVE_SINGULAR	GENITIVE	SINGULAR
Прислу́шайтесь к его́ ___.	Listen to his advice.	сове́т	сове́ту	This sentence requires a noun in the dative singular. The word is a group 2 noun, which ends with -у	NO	2	DATIVE_SINGULAR	DATIVE	SINGULAR
Он ви́дит необходи́мость в ___.	He sees the need for advice.	сове́т	сове́те	This sentence requires a noun in the prepositional singular. The word is a group 2 noun, which ends with -е	NO	2	PREPOSITIONAL_SINGULAR	PREPOSITIONAL	SINGULAR
Он идёт к ма́ме за ___.	He goes to his mom fo advice.	сове́т	сове́том	This sentence requires a noun in the instrumental singular. The word is a group 2 noun, which ends with -ом	NO	2	INSTRUMENTAL_SINGULAR	INSTRUMENTAL	SINGULAR
Его́ ___ опа́сны.	His advice is dangerous.	сове́ты	сове́ты	This sentence requires a noun in the nominative plural. The word is a group 2 noun, which ends with -ы	NO	2	NOMINATIVE_PLURAL	NOMINATIVE	PLURAL
Он даёт хоро́шие ___.	He gives good advice.	сове́ты	сове́ты	This sentence requires a noun in the accusative plural. The word is an inanimate group 2 noun, which ends with -ы	NO	2	ACCUSATIVE_PLURAL	ACCUSATIVE	PLURAL
Мне ну́жно кра́ткое изложе́ние их ___.	I need a summary of their advice.	сове́ты	сове́тов	This sentence requires a noun in the genitive plural. The word is a group 2 noun, which ends with -ов	NO	2	GENITIVE_PLURAL	GENITIVE	PLURAL
Э́то всё благодаря́ твои́м ___.	It's all thanks to your advice.	сове́ты	сове́там	This sentence requires a noun in the dative plural. The word is a group 2 noun, which ends with -ам	NO	2	DATIVE_PLURAL	DATIVE	PLURAL
В их ___ есть му́дрость.	There is wisdom in their advice.	сове́ты	сове́тах	This sentence requires a noun in the prepositional plural. The word is a group 2 noun, which ends with -ах	NO	2	PREPOSITIONAL_PLURAL	PREPOSITIONAL	PLURAL
Она́ не согласи́лась с ___ отца́.	She struggled with her dad's advice.	сове́ты	сове́тами	This sentence requires a noun in the instrumental plural. The word is a group 2 noun, which ends with -ами	NO	2	INSTRUMENTAL_PLURAL	INSTRUMENTAL	PLURAL
___ удиви́л.	The size is impressive.	разме́р	разме́р	This sentence requires a noun in the nominative singular. The word is a group 2 noun, which lacks an ending	NO	2	NOMINATIVE_SINGULAR	NOMINATIVE	SINGULAR
Я измеря́ю ___.	I measure the size.	разме́р	разме́р	This sentence requires a noun in the accusative singular. The word is an inanimate group 2 noun, which lacks an ending	NO	2	ACCUSATIVE_SINGULAR	ACCUSATIVE	SINGULAR
Э́то пла́тье моего́ ___.	This dress is my size.	разме́р	разме́ра	This sentence requires a noun in the genitive singular. The word is a group 2 noun, which ends with -а	NO	2	GENITIVE_SINGULAR	GENITIVE	SINGULAR
Су́дя по ___, бу́дет сло́жно.	Judging by the size, it will be difficult.	разме́р	разме́ру	This sentence requires a noun in the dative singular. The word is a group 2 noun, which ends with -у	NO	2	DATIVE_SINGULAR	DATIVE	SINGULAR
Я покупа́ю его́ в своём ___.	I buy it in my size.	разме́р	разме́ре	This sentence requires a noun in the prepositional singular. The word is a group 2 noun, which ends with -е	NO	2	PREPOSITIONAL_SINGULAR	PREPOSITIONAL	SINGULAR
Я был поражён ___.	I was amazed by the size.	разме́р	разме́ром	This sentence requires a noun in the instrumental singular. The word is a group 2 noun, which ends with -ом	NO	2	INSTRUMENTAL_SINGULAR	INSTRUMENTAL	SINGULAR
___ ра́зные.	The sizes are different.	разме́ры	разме́ры	This sentence requires a noun in the nominative plural. The word is a group 2 noun, which ends with -ы	NO	2	NOMINATIVE_PLURAL	NOMINATIVE	PLURAL
Он проверя́ет ___.	He checks the sizes.	разме́ры	разме́ры	This sentence requires a noun in the accusative plural. The word is an inanimate group 2 noun, which ends with -ы	NO	2	ACCUSATIVE_PLURAL	ACCUSATIVE	PLURAL
Она́ коллекциони́рует буты́лки ра́зных ___.	She collects bottles of various sizes.	разме́ры	разме́ров	This sentence requires a noun in the genitive plural. The word is a group 2 noun, which ends with -ов	NO	2	GENITIVE_PLURAL	GENITIVE	PLURAL
Они́ постро́ены по ___.	They are built to size.	разме́ры	разме́рам	This sentence requires a noun in the dative plural. The word is a group 2 noun, which ends with -ам	NO	2	DATIVE_PLURAL	DATIVE	PLURAL
Досту́пно в не́скольких ___.	It is available in several sizes.	разме́ры	разме́рах	This sentence requires a noun in the prepositional plural. The word is a group 2 noun, which ends with -ах	NO	2	PREPOSITIONAL_PLURAL	PREPOSITIONAL	PLURAL
В чём ра́зница ме́жду ___?	What is the difference between the sizes?	разме́ры	разме́рами	This sentence requires a noun in the instrumental plural. The word is a group 2 noun, which ends with -ами	NO	2	INSTRUMENTAL_PLURAL	INSTRUMENTAL	PLURAL
___ был хаоти́чным.	The period was chaotic.	пери́од	пери́од	This sentence requires a noun in the nominative singular. The word is a group 2 noun, which lacks an ending	NO	2	NOMINATIVE_SINGULAR	NOMINATIVE	SINGULAR
Я изуча́л э́тот ___.	I studied that period.	пери́од	пери́од	This sentence requires a noun in the accusative singular. The word is an inanimate group 2 noun, which lacks an ending	NO	2	ACCUSATIVE_SINGULAR	ACCUSATIVE	SINGULAR
Она́ но́сит оде́жду того́ ___.	She wears clothes from the period.	пери́од	пери́ода	This sentence requires a noun in the genitive singular. The word is a group 2 noun, which ends with -а	NO	2	GENITIVE_SINGULAR	GENITIVE	SINGULAR
Дава́йте вернёмся к тому́ ___.	Let's look back to that period.	пери́од	пери́оду	This sentence requires a noun in the dative singular. The word is a group 2 noun, which ends with -у	NO	2	DATIVE_SINGULAR	DATIVE	SINGULAR
Он зна́ет об э́том ___.	He knows about that period.	пери́од	пери́оде	This sentence requires a noun in the prepositional singular. The word is a group 2 noun, which ends with -е	NO	2	PREPOSITIONAL_SINGULAR	PREPOSITIONAL	SINGULAR
Война́ после́довала за ___ ми́ра.	The war followed a period of peace.	пери́од	пери́одом	This sentence requires a noun in the instrumental singular. The word is a group 2 noun, which ends with -ом	NO	2	INSTRUMENTAL_SINGULAR	INSTRUMENTAL	SINGULAR
Быва́ют ___ переме́н.	There are periods of change.	пери́оды	пери́оды	This sentence requires a noun in the nominative plural. The word is a group 2 noun, which ends with -ы	NO	2	NOMINATIVE_PLURAL	NOMINATIVE	PLURAL
Мы по́мним э́ти ___.	We remember those periods.	пери́оды	пери́оды	This sentence requires a noun in the accusative plural. The word is an inanimate group 2 noun, which ends with -ы	NO	2	ACCUSATIVE_PLURAL	ACCUSATIVE	PLURAL
Они́ из ра́зных ___.	They are from different periods.	пери́оды	пери́одов	This sentence requires a noun in the genitive plural. The word is a group 2 noun, which ends with -ов	NO	2	GENITIVE_PLURAL	GENITIVE	PLURAL
Мы сортиру́ем их по ___.	We sort them by periods.	пери́оды	пери́одам	This sentence requires a noun in the dative plural. The word is a group 2 noun, which ends with -ам	NO	2	DATIVE_PLURAL	DATIVE	PLURAL
Он осно́ван на не́скольких ___.	It is based on several periods.	пери́оды	пери́одах	This sentence requires a noun in the prepositional plural. The word is a group 2 noun, which ends with -ах	NO	2	PREPOSITIONAL_PLURAL	PREPOSITIONAL	PLURAL
Э́то произошло́ ме́жду двумя́ ___ нестаби́льности.	It took place between two periods of instability.	пери́оды	пери́одами	This sentence requires a noun in the instrumental plural. The word is a group 2 noun, which ends with -ами	NO	2	INSTRUMENTAL_PLURAL	INSTRUMENTAL	PLURAL
___ увели́чивается.	The mass increases.	ма́сса	ма́сса	This sentence requires a noun in the nominative singular. The word is a group 1 noun, which ends with -а	NO	1	NOMINATIVE_SINGULAR	NOMINATIVE	SINGULAR
Он измеря́ет ___.	He measures the mass.	ма́сса	ма́ссу	This sentence requires a noun in the accusative singular. The word is a group 1 noun, which ends with -у	NO	1	ACCUSATIVE_SINGULAR	ACCUSATIVE	SINGULAR
Посмотри́те на разме́р ___.	Look at the size of the mass.	ма́сса	ма́ссы	This sentence requires a noun in the genitive singular. The word is a group 1 noun, which ends with -ы	NO	1	GENITIVE_SINGULAR	GENITIVE	SINGULAR
Доба́вьте э́то к ___.	Add it to the mass.	ма́сса	ма́ссе	This sentence requires a noun in the dative singular. The word is a group 1 noun, which ends with -е	NO	1	DATIVE_SINGULAR	DATIVE	SINGULAR
Он где́-то в ___.	It is somewhere in the mass.	ма́сса	ма́ссе	This sentence requires a noun in the prepositional singular. The word is a group 1 noun, which ends with -е	NO	1	PREPOSITIONAL_SINGULAR	PREPOSITIONAL	SINGULAR
Он предложи́л связь ме́жду ___ и эне́ргией.	He proposed a connection between mass and energy.	ма́сса	ма́ссой	This sentence requires a noun in the instrumental singular. The word is a group 1 noun, which ends with -ой	NO	1	INSTRUMENTAL_SINGULAR	INSTRUMENTAL	SINGULAR
___ там.	The masses are there.	ма́ссы	ма́ссы	This sentence requires a noun in the nominative singular. The word is a group 1 noun, which ends with -ы	NO	1	NOMINATIVE_PLURAL	NOMINATIVE	PLURAL
Он запи́сывает ___.	He records the masses.	ма́ссы	ма́ссы	This sentence requires a noun in the accusative plural . The word is an inanimate group 1 noun, which ends with -ы	NO	1	ACCUSATIVE_PLURAL	ACCUSATIVE	PLURAL
Мы берём сре́днее значе́ние ___.	We take the average of the masses.	ма́ссы	масс	This sentence requires a noun in the genitive plural. The word is a group 1 noun, which lacks an ending	NO	1	GENITIVE_PLURAL	GENITIVE	PLURAL
Раздели́те си́лы по ___.	Divide the forces by the masses.	ма́ссы	ма́ссам	This sentence requires a noun in the dative plural. The word is a group 1 noun, which ends with -ам	NO	1	DATIVE_PLURAL	DATIVE	PLURAL
У них бо́льшая ра́зница в ___.	They have a large difference in mass.	ма́ссы	ма́ссах	This sentence requires a noun in the prepositional plural. The word is a group 1 noun, which ends with -ах	NO	1	PREPOSITIONAL_PLURAL	PREPOSITIONAL	PLURAL
Ско́рости они́ пи́шут под ___.	They write the speeds under the masses.	ма́ссы	ма́ссами	This sentence requires a noun in the instrumental. The word is a group 1 noun, which ends with -ами	NO	1	INSTRUMENTAL_PLURAL	INSTRUMENTAL	PLURAL
Появи́лся ___.	A hero swooped in.	геро́й	геро́й	This sentence requires a noun in the nominative singular. The word is a group 2 noun, which lacks an ending	YES	2	NOMINATIVE_SINGULAR	NOMINATIVE	SINGULAR
Он благодари́т ___.	He thanks the hero	геро́й	геро́я	This sentence requires a noun in the accusative singular. The word is an animate group 2 noun, which ends with -а. The stem ends with a soft sign, so the -а becomes a -я	YES	2	ACCUSATIVE_SINGULAR	ACCUSATIVE	SINGULAR
Она́ спроси́ла и́мя ___.	She asked the hero's name.	геро́й	геро́я	This sentence requires a noun in the genitive singular. The word is a group 2 noun, which ends with -а. The stem ends with a soft sign, so the -а becomes a -я	YES	2	GENITIVE_SINGULAR	GENITIVE	SINGULAR
Он веле́л ___ уйти́.	He told the hero to leave.	геро́й	геро́ю	This sentence requires a noun in the dative singular. The word is a group 2 noun, which ends with -у. The stem ends with a soft sign, so the -у becomes a -ю	YES	2	DATIVE_SINGULAR	DATIVE	SINGULAR
На ___ смо́трится хорошо́.	It looks good on the hero.	геро́й	геро́е	This sentence requires a noun in the prepositional singular. The word is a group 2 noun, which ends with -е	YES	2	PREPOSITIONAL_SINGULAR	PREPOSITIONAL	SINGULAR
Они́ бо́рются с престу́пностью вме́сте с ___.	They fight crime with the hero.	геро́й	геро́ем	This sentence requires a noun in the instrumental singular. The word is a group 2 noun, which ends with -ом. The stem ends with a soft sign, so the -ом becomes a -ем	YES	2	INSTRUMENTAL_SINGULAR	INSTRUMENTAL	SINGULAR
Они́ ___.	They are heroes.	геро́и	геро́и	This sentence requires a noun in the nominative plural. The word is a group 2 noun, which ends with -ы. The stem ends with a soft sign, so the -ы becomes a -и	YES	2	NOMINATIVE_PLURAL	NOMINATIVE	PLURAL
Я призыва́ю ___.	I call for the heroes.	геро́и	геро́ев	This sentence requires a noun in the accusative plural. The word is an animate group 2 noun, which ends with -ов. The stem ends with a soft sign, so the -ов becomes -ев	YES	2	ACCUSATIVE_PLURAL	ACCUSATIVE	PLURAL
Дру́жба ___ крепка́.	The heroes' friendship is strong.	геро́и	геро́ев	This sentence requires a noun in the genitive plural. The word is a group 2 noun, which ends with -ов. The stem ends with a soft sign, so the -ов becomes -ев	YES	2	GENITIVE_PLURAL	GENITIVE	PLURAL
Мы вруча́ем ___ награ́ду.	We give the heroes an award.	геро́и	геро́ям	This sentence requires a noun in the dative plural. The word is a group 2 noun, which ends with -ам. The stem ends with a soft sign, so the -а becomes a -я	YES	2	DATIVE_PLURAL	DATIVE	PLURAL
В ___ есть тьма.	There is a darkness in the heroes.	геро́и	геро́ях	This sentence requires a noun in the prepositional plural. The word is a group 2 noun, which ends with -ах. The stem ends with a soft sign, so the -а becomes a -я	YES	2	PREPOSITIONAL_PLURAL	PREPOSITIONAL	PLURAL
Он рабо́тает с ___.	He works with the heroes.	геро́и	геро́ями	This sentence requires a noun in the instrumental plural. The word is a group 2 noun, which ends with -ами. The stem ends with a soft sign, so the -а becomes a -я	YES	2	INSTRUMENTAL_PLURAL	INSTRUMENTAL	PLURAL
___ состои́т из семи́ дней.	A week is seven days.	неде́ля	неде́ля	This sentence requires a noun in the nominative singular. The word is a group 1 noun, which ends with -а. The stem ends with a soft sign, so the -а becomes a -я	NO	1	NOMINATIVE_SINGULAR	NOMINATIVE	SINGULAR
Я подожду́ ___.	I wait a week.	неде́ля	неде́лю	This sentence requires a noun in the accusative singular. The word is a group 1 noun, which ends with -у. The stem ends with a soft sign, so the -у becomes a -ю	NO	1	ACCUSATIVE_SINGULAR	ACCUSATIVE	SINGULAR
Бу́дет гото́во в нача́ле ___.	It will be ready at the start of the week.	неде́ля	неде́ли	This sentence requires a noun in the genitive singular. The word is a group 1 noun, which ends with -ы. The stem ends with a soft sign, so the -ы becomes a -и	NO	1	GENITIVE_SINGULAR	GENITIVE	SINGULAR
Она́ не даст ___ нача́ться.	She won't let the week start.	неде́ля	неде́ле	This sentence requires a noun in the dative singular. The word is a group 1 noun, which ends with -е	NO	1	DATIVE_SINGULAR	DATIVE	SINGULAR
Она́ расска́зывает мне о свое́й ___.	She tells me about her week.	неде́ля	неде́ле	This sentence requires a noun in the prepositional singular. The word is a group 1 noun, which ends with -е	NO	1	PREPOSITIONAL_SINGULAR	PREPOSITIONAL	SINGULAR
С ка́ждой ___ он устаёт всё бо́льше.	He gets more tired with every passing week.	неде́ля	неде́лей	This sentence requires a noun in the instrumental singular. The word is a group 1 noun, which ends with -ой. The stem ends with a soft sign, so the -ой becomes a -ей	NO	1	INSTRUMENTAL_SINGULAR	INSTRUMENTAL	SINGULAR
Прохо́дят ___.	The weeks pass.	неде́ли	неде́ли	This sentence requires a noun in the nominative singular. The word is a group 1 noun, which ends with -ы. The stem ends with a soft sign, so the -ы becomes a -и	NO	1	NOMINATIVE_PLURAL	NOMINATIVE	PLURAL
Он плани́рует сле́дующие две ___.	He plans the next two weeks.	неде́ли	неде́ли	This sentence requires a noun in the accusative plural . The word is an inanimate group 1 noun, which ends with -ы. The stem ends with a soft sign, so the -ы becomes -и	NO	1	ACCUSATIVE_PLURAL	ACCUSATIVE	PLURAL
Мне ну́жно шесть ___.	I need six weeks.	неде́ли	неде́ль	This sentence requires a noun in the genitive plural. The word is a group 1 noun, which lacks an ending	NO	1	GENITIVE_PLURAL	GENITIVE	PLURAL
Её приговори́ли к трём ___.	She was sentenced to three weeks.	неде́ли	неде́лям	This sentence requires a noun in the dative plural. The word is a group 1 noun, which ends with -ам. The stem ends with a soft sign, so the -а becomes a -я	NO	1	DATIVE_PLURAL	DATIVE	PLURAL
Мы прису́тствовали на пе́рвых ___.	We attended the first weeks.	неде́ли	неде́лях	This sentence requires a noun in the prepositional plural. The word is a group 1 noun, which ends with -ах. The stem ends with a soft sign, so the -а becomes a -я	NO	1	PREPOSITIONAL_PLURAL	PREPOSITIONAL	PLURAL
Вы мо́жете уйти́ с тремя́ ___ рабо́ты.	You can go with three weeks of work.	неде́ли	неде́лями	This sentence requires a noun in the instrumental. The word is a group 1 noun, which ends with -ами. The stem ends with a soft sign, so the -а becomes a -я	NO	1	INSTRUMENTAL_PLURAL	INSTRUMENTAL	PLURAL
___ мя́гкая.	The bed is soft.	крова́ть	крова́ть	This sentence requires a noun in the nominative singular. The word is a group 3 noun, which ends with -ь	NO	3	NOMINATIVE_SINGULAR	NOMINATIVE	SINGULAR
Я па́даю в ___.	I fall into bed.	крова́ть	крова́ть	This sentence requires a noun in the accusative singular. The word is a group 3 noun, which ends with -ь	NO	3	ACCUSATIVE_SINGULAR	ACCUSATIVE	SINGULAR
Одея́ло лежи́т у изно́жья ___.	The blanket is at the foot of the bed.	крова́ть	крова́ти	This sentence requires a noun in the genitive singular. The word is a group 3 noun, which ends with -и	NO	3	GENITIVE_SINGULAR	GENITIVE	SINGULAR
Он добавля́ет изголо́вье к ___.	He adds a headboard to the bed.	крова́ть	крова́ти	This sentence requires a noun in the dative singular. The word is a group 3 noun, which ends with -и	NO	3	DATIVE_SINGULAR	DATIVE	SINGULAR
Плю́шевый ми́шка лежи́т на ___.	The teddy bear is on the bed.	крова́ть	крова́ти	This sentence requires a noun in the prepositional singular. The word is a group 3 noun, which ends with -и	NO	3	PREPOSITIONAL_SINGULAR	PREPOSITIONAL	SINGULAR
Под ___ живёт монстр.	A monster lives under the bed.	крова́ть	крова́тью	This sentence requires a noun in the instrumental singular. The word is a group 3 noun, which ends with -ью	NO	3	INSTRUMENTAL_SINGULAR	INSTRUMENTAL	SINGULAR
___ нахо́дятся наверху́.	The beds are upstairs.	крова́ти	крова́ти	This sentence requires a noun in the nominative plural. The word is a group 3 noun, which ends with -и	NO	3	NOMINATIVE_PLURAL	NOMINATIVE	PLURAL
Он застели́л ___.	He made the beds.	крова́ти	крова́ти	This sentence requires a noun in the accusative plural. The word is an inanimate group 3 noun, which ends with -и	NO	3	ACCUSATIVE_PLURAL	ACCUSATIVE	PLURAL
Какова́ ширина́ ___?	What is the width of the beds?	крова́ти	крова́тей	This sentence requires a noun in the genitive plural. The word is a group 3 noun, which ends with -ей	NO	3	GENITIVE_PLURAL	GENITIVE	PLURAL
Отведи́те пацие́нтов к ___.	Take the patients to their beds	крова́ти	крова́тям	This sentence requires a noun in the dative plural. The word is a group 3 noun, which ends with -ям	NO	3	DATIVE_PLURAL	DATIVE	PLURAL
Они́ пры́гают на ___.	They jump on the beds.	крова́ти	крова́тях	This sentence requires a noun in the prepositional plural. The word is a group 3 noun, which ends with -ях	NO	3	PREPOSITIONAL_PLURAL	PREPOSITIONAL	PLURAL
Заблоки́руйте дверь ___.	Block the door with the beds.	крова́ти	крова́тями	This sentence requires a noun in the instrumental plural. The word is a group 3 noun, which ends with -ями	NO	3	INSTRUMENTAL_PLURAL	INSTRUMENTAL	PLURAL
Мне помога́ет ___.	A friend helps me.	друг	друг	This sentence requires a noun in the nominative singular. The word is a group 2 noun, which lacks an ending	YES	2	NOMINATIVE_SINGULAR	NOMINATIVE	SINGULAR
Я нашёл ___.	I found a friend.	друг	дру́га	This sentence requires a noun in the accusative singular. The word is an animate group 2 noun, which ends with -а	YES	2	ACCUSATIVE_SINGULAR	ACCUSATIVE	SINGULAR
У меня́ нет ___.	I don't have a friend.	друг	дру́га	This sentence requires a noun in the genitive singular. The word is a group 2 noun, which ends with -а	YES	2	GENITIVE_SINGULAR	GENITIVE	SINGULAR
Я хочу́ рассказа́ть ___.	I want to tell a friend.	друг	дру́гу	This sentence requires a noun in the dative singular. The word is a group 2 noun, which ends with -у	YES	2	DATIVE_SINGULAR	DATIVE	SINGULAR
Он нашёл утеше́ние в своём ___.	He found comfort in his friend.	друг	дру́ге	This sentence requires a noun in the prepositional singular. The word is a group 2 noun, which ends with -е	YES	2	PREPOSITIONAL_SINGULAR	PREPOSITIONAL	SINGULAR
Я горжу́сь свои́м ___.	I am proud of my friend.	друг	дру́гом	This sentence requires a noun in the instrumental singular. The word is a group 2 noun, which ends with -ом	YES	2	INSTRUMENTAL_SINGULAR	INSTRUMENTAL	SINGULAR
___ обня́лись.	The friends hugged each other.	друзья́	друзья́	This sentence requires a noun in the nominative plural. The word is a group 2 noun, but the ending irregular	YES	2	NOMINATIVE_PLURAL	NOMINATIVE	PLURAL
Она́ встре́тила ___.	She met friends.	друзья́	друзе́й	This sentence requires a noun in the accusative plural. The word is an animate group 2 noun, but the ending is irregular	YES	2	ACCUSATIVE_PLURAL	ACCUSATIVE	PLURAL
Я пробира́юсь в клуб ___.	I sneak into the friends' clubhouse.	друзья́	друзе́й	This sentence requires a noun in the genitive plural. The word is a group 2 noun, but the ending is irregular	YES	2	GENITIVE_PLURAL	GENITIVE	PLURAL
Мы плани́руем позвони́ть ___.	We plan to call some friends.	друзья́	друзья́м	This sentence requires a noun in the dative plural. The word is a group 2 noun, which ends with -ам. The stem of the plural form ends with a soft sign, so the -а becomes a -я	YES	2	DATIVE_PLURAL	DATIVE	PLURAL
Я ча́сто вспомина́ю о ___.	I often think about my friends.	друзья́	друзья́х	This sentence requires a noun in the prepositional plural. The word is a group 2 noun, which ends with -ах. The stem of the plural form ends with a soft sign, so the -а becomes a -я	YES	2	PREPOSITIONAL_PLURAL	PREPOSITIONAL	PLURAL
Мы воспо́льзовались ___, что́бы улу́чшить.	We used friends to improve.	друзья́	друзья́ми	This sentence requires a noun in the instrumental plural. The word is a group 2 noun, which ends with -ами. The stem of the plural form ends with a soft sign, so the -а becomes a -я	YES	2	INSTRUMENTAL_PLURAL	INSTRUMENTAL	PLURAL
___ пришла́ во́время.	Help came just in time.	по́мощь	по́мощь	This sentence requires a noun in the nominative singular. The word is a group 3 noun, which ends with -ь	NO	3	NOMINATIVE_SINGULAR	NOMINATIVE	SINGULAR
Мы получи́ли ___.	We received help.	по́мощь	по́мощь	This sentence requires a noun in the accusative singular. The word is a group 3 noun, which ends with -ь	NO	3	ACCUSATIVE_SINGULAR	ACCUSATIVE	SINGULAR
И́з-за ___ сосе́дей рабо́та шла быстре́е.	Because of the neighbors' help, the work went faster.	по́мощь	по́мощи	This sentence requires a noun in the genitive singular. The word is a group 3 noun, which ends with -и	NO	3	GENITIVE_SINGULAR	GENITIVE	SINGULAR
Он рад ___.	He is glad for the help.	по́мощь	по́мощи	This sentence requires a noun in the dative singular. The word is a group 3 noun, which ends with -и	NO	3	DATIVE_SINGULAR	DATIVE	SINGULAR
Мы говори́ли о ___ бе́женцам.	We talked about help for the refugees.	по́мощь	по́мощи	This sentence requires a noun in the prepositional singular. The word is a group 3 noun, which ends with -и	NO	3	PREPOSITIONAL_SINGULAR	PREPOSITIONAL	SINGULAR
С его́ ___ мы спра́вились.	With his help we managed.	по́мощь	по́мощью	This sentence requires a noun in the instrumental singular. The word is a group 3 noun, which ends with -ью	NO	3	INSTRUMENTAL_SINGULAR	INSTRUMENTAL	SINGULAR
Ра́зные ___ бы́ли предоста́влены пострада́вшим.	Various types of aid were provided to the victims.	по́мощи	по́мощи	This sentence requires a noun in the nominative plural. The word is a group 3 noun, which ends with -и	NO	3	NOMINATIVE_PLURAL	NOMINATIVE	PLURAL
Организа́ция ока́зывает ___.	The organization provides assistance.	по́мощи	по́мощи	This sentence requires a noun in the accusative plural. The word is an inanimate group 3 noun, which ends with -и	NO	3	ACCUSATIVE_PLURAL	ACCUSATIVE	PLURAL
Не хвата́ло да́же элемента́рных ___.	Even basic assistance was lacking.	по́мощи	по́мощей	This sentence requires a noun in the genitive plural. The word is a group 3 noun, which ends with -ей	NO	3	GENITIVE_PLURAL	GENITIVE	PLURAL
Вла́сти обрати́лись к междунаро́дным ___.	The authorities have turned to international aid.	по́мощи	по́мощам	This sentence requires a noun in the dative plural. The word is a group 3 noun, which ends with -ям. The stem ends in a sibilant (ж, ч, ш, щ) so -я becomes -а	NO	3	DATIVE_PLURAL	DATIVE	PLURAL
В докла́де шла речь о разли́чных ___.	The report discussed various kinds of help.	по́мощи	по́мощах	This sentence requires a noun in the prepositional plural. The word is a group 3 noun, which ends with -ях. The stem ends in a sibilant (ж, ч, ш, щ) so -я becomes -а	NO	3	PREPOSITIONAL_PLURAL	PREPOSITIONAL	PLURAL
Ра́зными ___ по́льзуются в кри́зисных ситуа́циях.	Different kinds of help are used in crisis situations.	по́мощи	по́мощами	This sentence requires a noun in the instrumental plural. The word is a group 3 noun, which ends with -ями. The stem ends in a sibilant (ж, ч, ш, щ) so -я becomes -а	NO	3	INSTRUMENTAL_PLURAL	INSTRUMENTAL	PLURAL
___ во́ли помога́ет ему́ преодолева́ть тру́дности.	Willpower helps him overcome difficulties.	си́ла	си́ла	This sentence requires a noun in the nominative singular. The word is a group 1 noun, which ends with -а	NO	1	NOMINATIVE_SINGULAR	NOMINATIVE	SINGULAR
Он испо́льзовал свою́ ___, что́бы откры́ть дверь.	He used his strength to open the door.	си́ла	си́лу	This sentence requires a noun in the accusative singular. The word is a group 1 noun, which ends with -у	NO	1	ACCUSATIVE_SINGULAR	ACCUSATIVE	SINGULAR
Э́то исто́чник ___.	It is a source of strength.	си́ла	си́лы	This sentence requires a noun in the genitive singular. The word is a group 1 noun, which ends with -ы	NO	1	GENITIVE_SINGULAR	GENITIVE	SINGULAR
Она́ доверя́ла свое́й ___.	She trusted her strength.	си́ла	си́ле	This sentence requires a noun in the dative singular. The word is a group 1 noun, which ends with -е	NO	1	DATIVE_SINGULAR	DATIVE	SINGULAR
Я мно́гое узна́л о ___.	I learned a lot about strength.	си́ла	си́ле	This sentence requires a noun in the prepositional singular. The word is a group 1 noun, which ends with -е	NO	1	PREPOSITIONAL_SINGULAR	PREPOSITIONAL	SINGULAR
Он откры́л дверь ___.	He opened the door by force.	си́ла	си́лой	This sentence requires a noun in the instrumental singular. The word is a group 1 noun, which ends with -ой	NO	1	INSTRUMENTAL_SINGULAR	INSTRUMENTAL	SINGULAR
___ приро́ды непобеди́мы.	The forces of nature are invincible.	си́лы	си́лы	This sentence requires a noun in the nominative singular. The word is a group 1 noun, which ends with -ы	NO	1	NOMINATIVE_PLURAL	NOMINATIVE	PLURAL
Мы напра́вили все ___ на выполне́ние зада́чи.	We focused all our efforts on completing the task.	си́лы	си́лы	This sentence requires a noun in the accusative plural . The word is an inanimate group 1 noun, which ends with -ы	NO	1	ACCUSATIVE_PLURAL	ACCUSATIVE	PLURAL
Мы че́рпаем эне́ргию из ___ приро́ды.	We pull energy from the forces of nature.	си́лы	си́л	This sentence requires a noun in the genitive plural. The word is a group 1 noun, which lacks an ending	NO	1	GENITIVE_PLURAL	GENITIVE	PLURAL
Нам ну́жно соотве́тствовать их ___.	We need to match their forces.	си́лы	си́лам	This sentence requires a noun in the dative plural. The word is a group 1 noun, which ends with -ам	NO	1	DATIVE_PLURAL	DATIVE	PLURAL
Мы чита́ли кни́гу о ___ приро́ды.	We read a book about the forces of nature.	си́лы	си́лах	This sentence requires a noun in the prepositional plural. The word is a group 1 noun, which ends with -ах	NO	1	PREPOSITIONAL_PLURAL	PREPOSITIONAL	PLURAL
Они́ горди́лись свои́ми ___.	They were proud of their strength.	си́лы	си́лами	This sentence requires a noun in the instrumental. The word is a group 1 noun, which ends with -ами	NO	1	INSTRUMENTAL_PLURAL	INSTRUMENTAL	PLURAL